{
    "uuid": "clipmaster@gnome.extension",
    "name": "ClipMaster",
    "description": "A powerful clipboard manager for GNOME. Features include clipboard history, favorites, custom lists, image support, search, keyboard shortcuts, dark/light themes, encrypted storage, and more.",
    "version": 1,
    "shell-version": ["45", "46", "47", "48", "49"],
    "url": "https://github.com/sfnemis/ClipMaster",
    "settings-schema": "org.gnome.shell.extensions.clipmaster",
    "gettext-domain": "clipmaster",
    "donations": {
        "github": "sfnemis"
    }
}

